{
	"credit": "Made by JohnPaulInso",
	"textures": {
		"0": "johnpaulinso/facemask",
		"particle": "johnpaulinso/facemask"
	},
	"elements": [
		{
			"name": "a7947fe1a3f1a807_6",
			"from": [2.75, 7, 4.75],
			"to": [3, 8, 6],
			"faces": {
				"north": {"uv": [4, 3, 4.25, 3.25], "texture": "#0"},
				"east": {"uv": [4, 3.25, 4.25, 3], "rotation": 180, "texture": "#0"},
				"south": {"uv": [4, 3, 4.25, 3.25], "texture": "#0"},
				"west": {"uv": [4, 3, 4.25, 3.25], "texture": "#0"},
				"up": {"uv": [4.25, 3, 4, 3.25], "rotation": 270, "texture": "#0"},
				"down": {"uv": [4, 3, 4.25, 3.25], "rotation": 270, "texture": "#0"}
			}
		},
		{
			"name": "a7947fe1a3f1a807_18",
			"from": [2.75, 6, 4.75],
			"to": [3, 7, 6],
			"faces": {
				"north": {"uv": [4, 3.25, 4.25, 3.5], "texture": "#0"},
				"east": {"uv": [4, 3.5, 4.25, 3.25], "rotation": 180, "texture": "#0"},
				"south": {"uv": [4, 3.25, 4.25, 3.5], "texture": "#0"},
				"west": {"uv": [4, 3.25, 4.25, 3.5], "texture": "#0"},
				"up": {"uv": [4.25, 3.25, 4, 3.5], "rotation": 270, "texture": "#0"},
				"down": {"uv": [4, 3.25, 4.25, 3.5], "rotation": 270, "texture": "#0"}
			}
		},
		{
			"name": "a7947fe1a3f1a807_38",
			"from": [2.75, 4, 4.75],
			"to": [3, 5, 6],
			"faces": {
				"north": {"uv": [4, 3.75, 4.25, 4], "texture": "#0"},
				"east": {"uv": [4, 4, 4.25, 3.75], "rotation": 180, "texture": "#0"},
				"south": {"uv": [4, 3.75, 4.25, 4], "texture": "#0"},
				"west": {"uv": [4, 3.75, 4.25, 4], "texture": "#0"},
				"up": {"uv": [4.25, 3.75, 4, 4], "rotation": 270, "texture": "#0"},
				"down": {"uv": [4, 3.75, 4.25, 4], "rotation": 270, "texture": "#0"}
			}
		},
		{
			"name": "a7947fe1a3f1a807_39",
			"from": [2.75, 4, 6],
			"to": [3, 5, 7],
			"faces": {
				"north": {"uv": [4.25, 3.75, 4.5, 4], "texture": "#0"},
				"east": {"uv": [4.25, 4, 4.5, 3.75], "rotation": 180, "texture": "#0"},
				"south": {"uv": [4.25, 3.75, 4.5, 4], "texture": "#0"},
				"west": {"uv": [4.25, 3.75, 4.5, 4], "texture": "#0"},
				"up": {"uv": [4.5, 3.75, 4.25, 4], "rotation": 270, "texture": "#0"},
				"down": {"uv": [4.25, 3.75, 4.5, 4], "rotation": 270, "texture": "#0"}
			}
		},
		{
			"name": "a7947fe1a3f1a807_27",
			"from": [2.75, 5, 7],
			"to": [3, 6, 8],
			"faces": {
				"north": {"uv": [4.5, 3.5, 4.75, 3.75], "texture": "#0"},
				"east": {"uv": [4.5, 3.75, 4.75, 3.5], "rotation": 180, "texture": "#0"},
				"south": {"uv": [4.5, 3.5, 4.75, 3.75], "texture": "#0"},
				"west": {"uv": [4.5, 3.5, 4.75, 3.75], "texture": "#0"},
				"up": {"uv": [4.75, 3.5, 4.5, 3.75], "rotation": 270, "texture": "#0"},
				"down": {"uv": [4.5, 3.5, 4.75, 3.75], "rotation": 270, "texture": "#0"}
			}
		},
		{
			"name": "a7947fe1a3f1a807_19",
			"from": [2.75, 6, 8],
			"to": [3, 7, 9],
			"faces": {
				"north": {"uv": [4.75, 3.25, 5, 3.5], "texture": "#0"},
				"east": {"uv": [4.75, 3.5, 5, 3.25], "rotation": 180, "texture": "#0"},
				"south": {"uv": [4.75, 3.25, 5, 3.5], "texture": "#0"},
				"west": {"uv": [4.75, 3.25, 5, 3.5], "texture": "#0"},
				"up": {"uv": [5, 3.25, 4.75, 3.5], "rotation": 270, "texture": "#0"},
				"down": {"uv": [4.75, 3.25, 5, 3.5], "rotation": 270, "texture": "#0"}
			}
		},
		{
			"name": "a7947fe1a3f1a807_7",
			"from": [2.75, 7, 8],
			"to": [3, 8, 9],
			"faces": {
				"north": {"uv": [4.75, 3, 5, 3.25], "texture": "#0"},
				"east": {"uv": [4.75, 3.25, 5, 3], "rotation": 180, "texture": "#0"},
				"south": {"uv": [4.75, 3, 5, 3.25], "texture": "#0"},
				"west": {"uv": [4.75, 3, 5, 3.25], "texture": "#0"},
				"up": {"uv": [5, 3, 4.75, 3.25], "rotation": 270, "texture": "#0"},
				"down": {"uv": [4.75, 3, 5, 3.25], "rotation": 270, "texture": "#0"}
			}
		},
		{
			"name": "a7947fe1a3f1a807_3",
			"from": [2.75, 8, 7],
			"to": [3, 9, 8],
			"faces": {
				"north": {"uv": [4.5, 2.75, 4.75, 3], "texture": "#0"},
				"east": {"uv": [4.5, 3, 4.75, 2.75], "rotation": 180, "texture": "#0"},
				"south": {"uv": [4.5, 2.75, 4.75, 3], "texture": "#0"},
				"west": {"uv": [4.5, 2.75, 4.75, 3], "texture": "#0"},
				"up": {"uv": [4.75, 2.75, 4.5, 3], "rotation": 270, "texture": "#0"},
				"down": {"uv": [4.5, 2.75, 4.75, 3], "rotation": 270, "texture": "#0"}
			}
		},
		{
			"name": "a7947fe1a3f1a807_2",
			"from": [2.75, 8, 6],
			"to": [3, 9, 7],
			"faces": {
				"north": {"uv": [4.25, 2.75, 4.5, 3], "texture": "#0"},
				"east": {"uv": [4.25, 3, 4.5, 2.75], "rotation": 180, "texture": "#0"},
				"south": {"uv": [4.25, 2.75, 4.5, 3], "texture": "#0"},
				"west": {"uv": [4.25, 2.75, 4.5, 3], "texture": "#0"},
				"up": {"uv": [4.5, 2.75, 4.25, 3], "rotation": 270, "texture": "#0"},
				"down": {"uv": [4.25, 2.75, 4.5, 3], "rotation": 270, "texture": "#0"}
			}
		},
		{
			"name": "a7947fe1a3f1a807_7",
			"from": [11, 7, 4.75],
			"to": [11.25, 8, 6],
			"faces": {
				"north": {"uv": [4, 3, 4.25, 3.25], "texture": "#0"},
				"east": {"uv": [4, 3.25, 4.25, 3], "rotation": 180, "texture": "#0"},
				"south": {"uv": [4, 3, 4.25, 3.25], "texture": "#0"},
				"west": {"uv": [4, 3, 4.25, 3.25], "texture": "#0"},
				"up": {"uv": [4.25, 3, 4, 3.25], "rotation": 270, "texture": "#0"},
				"down": {"uv": [4, 3, 4.25, 3.25], "rotation": 270, "texture": "#0"}
			}
		},
		{
			"name": "a7947fe1a3f1a807_19",
			"from": [11, 6, 4.75],
			"to": [11.25, 7, 6],
			"faces": {
				"north": {"uv": [4, 3.25, 4.25, 3.5], "texture": "#0"},
				"east": {"uv": [4, 3.5, 4.25, 3.25], "rotation": 180, "texture": "#0"},
				"south": {"uv": [4, 3.25, 4.25, 3.5], "texture": "#0"},
				"west": {"uv": [4, 3.25, 4.25, 3.5], "texture": "#0"},
				"up": {"uv": [4.25, 3.25, 4, 3.5], "rotation": 270, "texture": "#0"},
				"down": {"uv": [4, 3.25, 4.25, 3.5], "rotation": 270, "texture": "#0"}
			}
		},
		{
			"name": "a7947fe1a3f1a807_39",
			"from": [11, 4, 4.75],
			"to": [11.25, 5, 6],
			"faces": {
				"north": {"uv": [4, 3.75, 4.25, 4], "texture": "#0"},
				"east": {"uv": [4, 4, 4.25, 3.75], "rotation": 180, "texture": "#0"},
				"south": {"uv": [4, 3.75, 4.25, 4], "texture": "#0"},
				"west": {"uv": [4, 3.75, 4.25, 4], "texture": "#0"},
				"up": {"uv": [4.25, 3.75, 4, 4], "rotation": 270, "texture": "#0"},
				"down": {"uv": [4, 3.75, 4.25, 4], "rotation": 270, "texture": "#0"}
			}
		},
		{
			"name": "a7947fe1a3f1a807_40",
			"from": [11, 4, 6],
			"to": [11.25, 5, 7],
			"faces": {
				"north": {"uv": [4.25, 3.75, 4.5, 4], "texture": "#0"},
				"east": {"uv": [4.25, 4, 4.5, 3.75], "rotation": 180, "texture": "#0"},
				"south": {"uv": [4.25, 3.75, 4.5, 4], "texture": "#0"},
				"west": {"uv": [4.25, 3.75, 4.5, 4], "texture": "#0"},
				"up": {"uv": [4.5, 3.75, 4.25, 4], "rotation": 270, "texture": "#0"},
				"down": {"uv": [4.25, 3.75, 4.5, 4], "rotation": 270, "texture": "#0"}
			}
		},
		{
			"name": "a7947fe1a3f1a807_28",
			"from": [11, 5, 7],
			"to": [11.25, 6, 8],
			"faces": {
				"north": {"uv": [4.5, 3.5, 4.75, 3.75], "texture": "#0"},
				"east": {"uv": [4.5, 3.75, 4.75, 3.5], "rotation": 180, "texture": "#0"},
				"south": {"uv": [4.5, 3.5, 4.75, 3.75], "texture": "#0"},
				"west": {"uv": [4.5, 3.5, 4.75, 3.75], "texture": "#0"},
				"up": {"uv": [4.75, 3.5, 4.5, 3.75], "rotation": 270, "texture": "#0"},
				"down": {"uv": [4.5, 3.5, 4.75, 3.75], "rotation": 270, "texture": "#0"}
			}
		},
		{
			"name": "a7947fe1a3f1a807_20",
			"from": [11, 6, 8],
			"to": [11.25, 7, 9],
			"faces": {
				"north": {"uv": [4.75, 3.25, 5, 3.5], "texture": "#0"},
				"east": {"uv": [4.75, 3.5, 5, 3.25], "rotation": 180, "texture": "#0"},
				"south": {"uv": [4.75, 3.25, 5, 3.5], "texture": "#0"},
				"west": {"uv": [4.75, 3.25, 5, 3.5], "texture": "#0"},
				"up": {"uv": [5, 3.25, 4.75, 3.5], "rotation": 270, "texture": "#0"},
				"down": {"uv": [4.75, 3.25, 5, 3.5], "rotation": 270, "texture": "#0"}
			}
		},
		{
			"name": "a8948fe1a3f1a808_8",
			"from": [11, 7, 8],
			"to": [11.25, 8, 9],
			"faces": {
				"north": {"uv": [4.75, 3, 5, 3.25], "texture": "#0"},
				"east": {"uv": [4.75, 3.25, 5, 3], "rotation": 180, "texture": "#0"},
				"south": {"uv": [4.75, 3, 5, 3.25], "texture": "#0"},
				"west": {"uv": [4.75, 3, 5, 3.25], "texture": "#0"},
				"up": {"uv": [5, 3, 4.75, 3.25], "rotation": 270, "texture": "#0"},
				"down": {"uv": [4.75, 3, 5, 3.25], "rotation": 270, "texture": "#0"}
			}
		},
		{
			"name": "a7947fe1a4f1a807_4",
			"from": [11, 8, 7],
			"to": [11.25, 9, 8],
			"faces": {
				"north": {"uv": [4.5, 2.75, 4.75, 3], "texture": "#0"},
				"east": {"uv": [4.5, 3, 4.75, 2.75], "rotation": 180, "texture": "#0"},
				"south": {"uv": [4.5, 2.75, 4.75, 3], "texture": "#0"},
				"west": {"uv": [4.5, 2.75, 4.75, 3], "texture": "#0"},
				"up": {"uv": [4.75, 2.75, 4.5, 3], "rotation": 270, "texture": "#0"},
				"down": {"uv": [4.5, 2.75, 4.75, 3], "rotation": 270, "texture": "#0"}
			}
		},
		{
			"name": "a7947fe1a3f1a807_3",
			"from": [11, 8, 6],
			"to": [11.25, 9, 7],
			"faces": {
				"north": {"uv": [4.25, 2.75, 4.5, 3], "texture": "#0"},
				"east": {"uv": [4.25, 3, 4.5, 2.75], "rotation": 180, "texture": "#0"},
				"south": {"uv": [4.25, 2.75, 4.5, 3], "texture": "#0"},
				"west": {"uv": [4.25, 2.75, 4.5, 3], "texture": "#0"},
				"up": {"uv": [4.5, 2.75, 4.25, 3], "rotation": 270, "texture": "#0"},
				"down": {"uv": [4.25, 2.75, 4.5, 3], "rotation": 270, "texture": "#0"}
			}
		},
		{
			"name": "a7947fe1a3f1a807_36",
			"from": [4, 4, 4.75],
			"to": [5, 5, 5],
			"faces": {
				"north": {"uv": [3.5, 3.75, 3.75, 4], "texture": "#0"},
				"east": {"uv": [3.5, 3.75, 3.75, 4], "texture": "#0"},
				"south": {"uv": [3.5, 4, 3.75, 3.75], "rotation": 180, "texture": "#0"},
				"west": {"uv": [3.5, 3.75, 3.75, 4], "texture": "#0"},
				"up": {"uv": [3.75, 3.75, 3.5, 4], "texture": "#0"},
				"down": {"uv": [3.5, 3.75, 3.75, 4], "rotation": 180, "texture": "#0"}
			}
		},
		{
			"name": "a7947fe1a3f1a807_37",
			"from": [3, 4, 4.75],
			"to": [4, 5, 5],
			"faces": {
				"north": {"uv": [3.75, 3.75, 4, 4], "texture": "#0"},
				"east": {"uv": [3.75, 3.75, 4, 4], "texture": "#0"},
				"south": {"uv": [3.75, 4, 4, 3.75], "rotation": 180, "texture": "#0"},
				"west": {"uv": [3.75, 3.75, 4, 4], "texture": "#0"},
				"up": {"uv": [4, 3.75, 3.75, 4], "texture": "#0"},
				"down": {"uv": [3.75, 3.75, 4, 4], "rotation": 180, "texture": "#0"}
			}
		},
		{
			"name": "a7947fe1a3f1a807_26",
			"from": [4, 5, 4.75],
			"to": [5, 6, 5],
			"faces": {
				"north": {"uv": [3.5, 3.5, 3.75, 3.75], "texture": "#0"},
				"east": {"uv": [3.5, 3.5, 3.75, 3.75], "texture": "#0"},
				"south": {"uv": [3.5, 3.75, 3.75, 3.5], "rotation": 180, "texture": "#0"},
				"west": {"uv": [3.5, 3.5, 3.75, 3.75], "texture": "#0"},
				"up": {"uv": [3.75, 3.5, 3.5, 3.75], "texture": "#0"},
				"down": {"uv": [3.5, 3.5, 3.75, 3.75], "rotation": 180, "texture": "#0"}
			}
		},
		{
			"name": "a7947fe1a3f1a807_16",
			"from": [4, 6, 4.75],
			"to": [5, 7, 5],
			"faces": {
				"north": {"uv": [3.5, 3.25, 3.75, 3.5], "texture": "#0"},
				"east": {"uv": [3.5, 3.25, 3.75, 3.5], "texture": "#0"},
				"south": {"uv": [3.5, 3.5, 3.75, 3.25], "rotation": 180, "texture": "#0"},
				"west": {"uv": [3.5, 3.25, 3.75, 3.5], "texture": "#0"},
				"up": {"uv": [3.75, 3.25, 3.5, 3.5], "texture": "#0"},
				"down": {"uv": [3.5, 3.25, 3.75, 3.5], "rotation": 180, "texture": "#0"}
			}
		},
		{
			"name": "a7947fe1a3f1a807_17",
			"from": [3, 6, 4.75],
			"to": [4, 7, 5],
			"faces": {
				"north": {"uv": [3.75, 3.25, 4, 3.5], "texture": "#0"},
				"east": {"uv": [3.75, 3.25, 4, 3.5], "texture": "#0"},
				"south": {"uv": [3.75, 3.5, 4, 3.25], "rotation": 180, "texture": "#0"},
				"west": {"uv": [3.75, 3.25, 4, 3.5], "texture": "#0"},
				"up": {"uv": [4, 3.25, 3.75, 3.5], "texture": "#0"},
				"down": {"uv": [3.75, 3.25, 4, 3.5], "rotation": 180, "texture": "#0"}
			}
		},
		{
			"name": "a7947fe1a3f1a807_15",
			"from": [5, 6, 4.75],
			"to": [6, 7, 5],
			"faces": {
				"north": {"uv": [3.25, 3.25, 3.5, 3.5], "texture": "#0"},
				"east": {"uv": [3.25, 3.25, 3.5, 3.5], "texture": "#0"},
				"south": {"uv": [3.25, 3.5, 3.5, 3.25], "rotation": 180, "texture": "#0"},
				"west": {"uv": [3.25, 3.25, 3.5, 3.5], "texture": "#0"},
				"up": {"uv": [3.5, 3.25, 3.25, 3.5], "texture": "#0"},
				"down": {"uv": [3.25, 3.25, 3.5, 3.5], "rotation": 180, "texture": "#0"}
			}
		},
		{
			"name": "a7947fe1a3f1a807_25",
			"from": [5, 5, 4.75],
			"to": [6, 6, 5],
			"faces": {
				"north": {"uv": [3.25, 3.5, 3.5, 3.75], "texture": "#0"},
				"east": {"uv": [3.25, 3.5, 3.5, 3.75], "texture": "#0"},
				"south": {"uv": [3.25, 3.75, 3.5, 3.5], "rotation": 180, "texture": "#0"},
				"west": {"uv": [3.25, 3.5, 3.5, 3.75], "texture": "#0"},
				"up": {"uv": [3.5, 3.5, 3.25, 3.75], "texture": "#0"},
				"down": {"uv": [3.25, 3.5, 3.5, 3.75], "rotation": 180, "texture": "#0"}
			}
		},
		{
			"name": "a7947fe1a3f1a807_35",
			"from": [5, 4, 4.75],
			"to": [6, 5, 5],
			"faces": {
				"north": {"uv": [3.25, 3.75, 3.5, 4], "texture": "#0"},
				"east": {"uv": [3.25, 3.75, 3.5, 4], "texture": "#0"},
				"south": {"uv": [3.25, 4, 3.5, 3.75], "rotation": 180, "texture": "#0"},
				"west": {"uv": [3.25, 3.75, 3.5, 4], "texture": "#0"},
				"up": {"uv": [3.5, 3.75, 3.25, 4], "texture": "#0"},
				"down": {"uv": [3.25, 3.75, 3.5, 4], "rotation": 180, "texture": "#0"}
			}
		},
		{
			"name": "a7947fe1a3f1a807_34",
			"from": [6, 4, 4.75],
			"to": [7, 5, 5],
			"faces": {
				"north": {"uv": [3, 3.75, 3.25, 4], "texture": "#0"},
				"east": {"uv": [3, 3.75, 3.25, 4], "texture": "#0"},
				"south": {"uv": [3, 4, 3.25, 3.75], "rotation": 180, "texture": "#0"},
				"west": {"uv": [3, 3.75, 3.25, 4], "texture": "#0"},
				"up": {"uv": [3.25, 3.75, 3, 4], "texture": "#0"},
				"down": {"uv": [3, 3.75, 3.25, 4], "rotation": 180, "texture": "#0"}
			}
		},
		{
			"name": "a7947fe1a3f1a807_24",
			"from": [6, 5, 4.75],
			"to": [7, 6, 5],
			"faces": {
				"north": {"uv": [3, 3.5, 3.25, 3.75], "texture": "#0"},
				"east": {"uv": [3, 3.5, 3.25, 3.75], "texture": "#0"},
				"south": {"uv": [3, 3.75, 3.25, 3.5], "rotation": 180, "texture": "#0"},
				"west": {"uv": [3, 3.5, 3.25, 3.75], "texture": "#0"},
				"up": {"uv": [3.25, 3.5, 3, 3.75], "texture": "#0"},
				"down": {"uv": [3, 3.5, 3.25, 3.75], "rotation": 180, "texture": "#0"}
			}
		},
		{
			"name": "a7947fe1a3f1a807_14",
			"from": [6, 6, 4.75],
			"to": [7, 7, 5],
			"faces": {
				"north": {"uv": [3, 3.25, 3.25, 3.5], "texture": "#0"},
				"east": {"uv": [3, 3.25, 3.25, 3.5], "texture": "#0"},
				"south": {"uv": [3, 3.5, 3.25, 3.25], "rotation": 180, "texture": "#0"},
				"west": {"uv": [3, 3.25, 3.25, 3.5], "texture": "#0"},
				"up": {"uv": [3.25, 3.25, 3, 3.5], "texture": "#0"},
				"down": {"uv": [3, 3.25, 3.25, 3.5], "rotation": 180, "texture": "#0"}
			}
		},
		{
			"name": "a7947fe1a3f1a807_13",
			"from": [7, 6, 4.75],
			"to": [8, 7, 5],
			"faces": {
				"north": {"uv": [2.75, 3.25, 3, 3.5], "texture": "#0"},
				"east": {"uv": [2.75, 3.25, 3, 3.5], "texture": "#0"},
				"south": {"uv": [2.75, 3.5, 3, 3.25], "rotation": 180, "texture": "#0"},
				"west": {"uv": [2.75, 3.25, 3, 3.5], "texture": "#0"},
				"up": {"uv": [3, 3.25, 2.75, 3.5], "texture": "#0"},
				"down": {"uv": [2.75, 3.25, 3, 3.5], "rotation": 180, "texture": "#0"}
			}
		},
		{
			"name": "a7947fe1a3f1a807_23",
			"from": [7, 5, 4.75],
			"to": [8, 6, 5],
			"faces": {
				"north": {"uv": [2.75, 3.5, 3, 3.75], "texture": "#0"},
				"east": {"uv": [2.75, 3.5, 3, 3.75], "texture": "#0"},
				"south": {"uv": [2.75, 3.75, 3, 3.5], "rotation": 180, "texture": "#0"},
				"west": {"uv": [2.75, 3.5, 3, 3.75], "texture": "#0"},
				"up": {"uv": [3, 3.5, 2.75, 3.75], "texture": "#0"},
				"down": {"uv": [2.75, 3.5, 3, 3.75], "rotation": 180, "texture": "#0"}
			}
		},
		{
			"name": "a7947fe1a3f1a807_33",
			"from": [7, 4, 4.75],
			"to": [8, 5, 5],
			"faces": {
				"north": {"uv": [2.75, 3.75, 3, 4], "texture": "#0"},
				"east": {"uv": [2.75, 3.75, 3, 4], "texture": "#0"},
				"south": {"uv": [2.75, 4, 3, 3.75], "rotation": 180, "texture": "#0"},
				"west": {"uv": [2.75, 3.75, 3, 4], "texture": "#0"},
				"up": {"uv": [3, 3.75, 2.75, 4], "texture": "#0"},
				"down": {"uv": [2.75, 3.75, 3, 4], "rotation": 180, "texture": "#0"}
			}
		},
		{
			"name": "a7947fe1a3f1a807_22",
			"from": [8, 5, 4.75],
			"to": [9, 6, 5],
			"faces": {
				"north": {"uv": [2.5, 3.5, 2.75, 3.75], "texture": "#0"},
				"east": {"uv": [2.5, 3.5, 2.75, 3.75], "texture": "#0"},
				"south": {"uv": [2.5, 3.75, 2.75, 3.5], "rotation": 180, "texture": "#0"},
				"west": {"uv": [2.5, 3.5, 2.75, 3.75], "texture": "#0"},
				"up": {"uv": [2.75, 3.5, 2.5, 3.75], "texture": "#0"},
				"down": {"uv": [2.5, 3.5, 2.75, 3.75], "rotation": 180, "texture": "#0"}
			}
		},
		{
			"name": "a7947fe1a3f1a807_12",
			"from": [8, 6, 4.75],
			"to": [9, 7, 5],
			"faces": {
				"north": {"uv": [2.5, 3.25, 2.75, 3.5], "texture": "#0"},
				"east": {"uv": [2.5, 3.25, 2.75, 3.5], "texture": "#0"},
				"south": {"uv": [2.5, 3.5, 2.75, 3.25], "rotation": 180, "texture": "#0"},
				"west": {"uv": [2.5, 3.25, 2.75, 3.5], "texture": "#0"},
				"up": {"uv": [2.75, 3.25, 2.5, 3.5], "texture": "#0"},
				"down": {"uv": [2.5, 3.25, 2.75, 3.5], "rotation": 180, "texture": "#0"}
			}
		},
		{
			"name": "a7947fe1a3f1a807_11",
			"from": [9, 6, 4.75],
			"to": [10, 7, 5],
			"faces": {
				"north": {"uv": [2.25, 3.25, 2.5, 3.5], "texture": "#0"},
				"east": {"uv": [2.25, 3.25, 2.5, 3.5], "texture": "#0"},
				"south": {"uv": [2.25, 3.5, 2.5, 3.25], "rotation": 180, "texture": "#0"},
				"west": {"uv": [2.25, 3.25, 2.5, 3.5], "texture": "#0"},
				"up": {"uv": [2.5, 3.25, 2.25, 3.5], "texture": "#0"},
				"down": {"uv": [2.25, 3.25, 2.5, 3.5], "rotation": 180, "texture": "#0"}
			}
		},
		{
			"name": "a7947fe1a3f1a807_31",
			"from": [9, 4, 4.75],
			"to": [10, 5, 5],
			"faces": {
				"north": {"uv": [2.25, 3.75, 2.5, 4], "texture": "#0"},
				"east": {"uv": [2.25, 3.75, 2.5, 4], "texture": "#0"},
				"south": {"uv": [2.25, 4, 2.5, 3.75], "rotation": 180, "texture": "#0"},
				"west": {"uv": [2.25, 3.75, 2.5, 4], "texture": "#0"},
				"up": {"uv": [2.5, 3.75, 2.25, 4], "texture": "#0"},
				"down": {"uv": [2.25, 3.75, 2.5, 4], "rotation": 180, "texture": "#0"}
			}
		},
		{
			"name": "a7947fe1a3f1a807_21",
			"from": [9, 5, 4.75],
			"to": [10, 6, 5],
			"faces": {
				"north": {"uv": [2.25, 3.5, 2.5, 3.75], "texture": "#0"},
				"east": {"uv": [2.25, 3.5, 2.5, 3.75], "texture": "#0"},
				"south": {"uv": [2.25, 3.75, 2.5, 3.5], "rotation": 180, "texture": "#0"},
				"west": {"uv": [2.25, 3.5, 2.5, 3.75], "texture": "#0"},
				"up": {"uv": [2.5, 3.5, 2.25, 3.75], "texture": "#0"},
				"down": {"uv": [2.25, 3.5, 2.5, 3.75], "rotation": 180, "texture": "#0"}
			}
		},
		{
			"name": "a7947fe1a3f1a807_30",
			"from": [10, 4, 4.75],
			"to": [11, 5, 5],
			"faces": {
				"north": {"uv": [2, 3.75, 2.25, 4], "texture": "#0"},
				"east": {"uv": [2, 3.75, 2.25, 4], "texture": "#0"},
				"south": {"uv": [2, 4, 2.25, 3.75], "rotation": 180, "texture": "#0"},
				"west": {"uv": [2, 3.75, 2.25, 4], "texture": "#0"},
				"up": {"uv": [2.25, 3.75, 2, 4], "texture": "#0"},
				"down": {"uv": [2, 3.75, 2.25, 4], "rotation": 180, "texture": "#0"}
			}
		},
		{
			"name": "a7947fe1a3f1a807_10",
			"from": [10, 6, 4.75],
			"to": [11, 7, 5],
			"faces": {
				"north": {"uv": [2, 3.25, 2.25, 3.5], "texture": "#0"},
				"east": {"uv": [2, 3.25, 2.25, 3.5], "texture": "#0"},
				"south": {"uv": [2, 3.5, 2.25, 3.25], "rotation": 180, "texture": "#0"},
				"west": {"uv": [2, 3.25, 2.25, 3.5], "texture": "#0"},
				"up": {"uv": [2.25, 3.25, 2, 3.5], "texture": "#0"},
				"down": {"uv": [2, 3.25, 2.25, 3.5], "rotation": 180, "texture": "#0"}
			}
		},
		{
			"name": "a7947fe1a3f1a807_32",
			"from": [8, 4, 4.75],
			"to": [9, 5, 5],
			"faces": {
				"north": {"uv": [2.5, 3.75, 2.75, 4], "texture": "#0"},
				"east": {"uv": [2.5, 3.75, 2.75, 4], "texture": "#0"},
				"south": {"uv": [2.5, 4, 2.75, 3.75], "rotation": 180, "texture": "#0"},
				"west": {"uv": [2.5, 3.75, 2.75, 4], "texture": "#0"},
				"up": {"uv": [2.75, 3.75, 2.5, 4], "texture": "#0"},
				"down": {"uv": [2.5, 3.75, 2.75, 4], "rotation": 180, "texture": "#0"}
			}
		}
	],
	"gui_light": "front",
	"display": {
		"thirdperson_righthand": {
			"rotation": [11, -13, -32],
			"translation": [-1, 1.25, 3.5],
			"scale": [0.7, 0.7, 0.7]
		},
		"thirdperson_lefthand": {
			"rotation": [11, -13, -32],
			"translation": [-1, 1.25, 3.5],
			"scale": [0.7, 0.7, 0.7]
		},
		"firstperson_righthand": {
			"rotation": [-9, -2, 8],
			"translation": [1.5, 4.5, 1.5]
		},
		"firstperson_lefthand": {
			"rotation": [-9, -2, 8],
			"translation": [1.5, 4.5, 1.5]
		},
		"ground": {
			"translation": [0, 0.5, 0]
		},
		"gui": {
			"rotation": [19, -154, 0],
			"translation": [-2.25, 2.75, 0],
			"scale": [1.6, 1.6, 1.6]
		},
		"head": {
			"translation": [1.6, 0, -1.65],
			"scale": [1.61, 1.61, 1.61]
		},
		"fixed": {
			"translation": [2, 4, 5.75],
			"scale": [2, 2, 2]
		}
	},
	"groups": [
		{
			"name": "a7947fe1a3f1a807",
			"origin": [8, 8, 8],
			"children": [
				{
					"name": "group",
					"origin": [8, 8, 8],
					"children": [0, 1, 2, 3, 4, 5, 6, 7, 8]
				},
				{
					"name": "group",
					"origin": [8, 8, 8],
					"children": [9, 10, 11, 12, 13, 14, 15, 16, 17]
				},
				{
					"name": "group",
					"origin": [8, 8, 8],
					"children": [18, 19, 20, 21, 22, 23, 24, 25, 26, 27, 28, 29, 30, 31, 32, 33, 34, 35, 36, 37, 38, 39]
				}
			]
		}
	]
}